actual_value,cme_estimator,cme_estimator_square_error,direct_estimator,direct_estimator_square_error,doubly robust estimator,doubly robust estimator_square_error,ips_estimator,ips_estimator_square_error,null_reward,multiplier
0.921,0.767719229102313,0.023494994726989207,0.7888511825660244,0.01746330994919823,0.7139036261107279,0.04288890807808521,0.27806837185442834,0.41336107846991565,0.4384,-0.9
0.9168,0.7930284466218568,0.015319397425638542,0.6979438710861374,0.047898005163161214,1.3331246470787106,0.17332621176521296,21.330566096866164,416.7218462575625,0.428,-0.9
0.9224,0.7648478942079973,0.024822666039494422,0.7617897697330919,0.02579564606638925,0.7343200247796866,0.035374077078873696,0.2809013230875456,0.4115205524804296,0.445,-0.9
0.9194,0.7261888973097171,0.037330530202795024,0.7314769365278073,0.03531507778477376,0.7384508693626769,0.03274258787840302,0.18730988988264125,0.5359559293316464,0.4416,-0.9
0.922,0.7117462870184748,0.04420662382251762,0.819081001663208,0.01059232021864861,0.8790311982457674,0.0018463179241945491,0.7546277526224019,0.02801346919222791,0.4462,-0.9
0.922,0.7577535693015047,0.026976889997195625,0.7080205674139782,0.045787197569835854,0.7346111418327395,0.0351145841652297,0.20263433977922057,0.5174869531048778,0.4334,-0.9
0.9204,0.6441899201698875,0.07629200819975711,0.6340084463990293,0.08202012197397766,0.6765570033147338,0.05945940703245075,0.8419440355242579,0.006155338361818906,0.4274,-0.9
0.9174,0.9227352468336351,2.846485877581299e-05,0.7367984379116446,0.0326169242287541,0.82410903206992,0.008703204697331208,0.18228818961521448,0.540389373767197,0.4278,-0.9
0.9164,0.7187627687259684,0.03906047518566503,0.7480733968414366,0.028333845330900487,0.9286529137853958,0.00015013389623234332,0.4137166523554024,0.25269054799917934,0.4454,-0.9
0.9164,0.6343339378199925,0.07956126343373586,0.7133978676989209,0.04120986571878483,0.7677412708621442,0.022099417748882386,0.8105728140391282,0.011199393288396945,0.4334,-0.9
0.9186,0.8450236257170756,0.00541348285262098,0.6524620002379874,0.070829434917325,0.8092228273414827,0.011963365898771108,0.3041723346368588,0.3775213559636002,0.4352,-0.9
0.9214,0.6665915663743341,0.06492733784676535,0.7319277164267376,0.03589974624246676,0.8029793549239818,0.014023449180220283,1.0132825990646188,0.008442412010869491,0.4408,-0.9
0.9142,0.6510056574186901,0.06927126196680793,0.7736622128590941,0.019750869614462582,0.7592879129701046,0.023997754707957904,0.27557154026246106,0.40784630958674134,0.4356,-0.9
0.9144,0.7298640490734469,0.0340535171843672,0.7837975607126951,0.017056997147794153,0.7689479559596973,0.021156297115502144,0.32403003344315423,0.34853669741233123,0.4318,-0.9
0.9142,0.8458680228140628,0.004669259106139442,0.694151622647047,0.04842128837566761,0.7251353329755555,0.03574544831706406,0.3104336350779746,0.36453382341115637,0.4316,-0.9
0.9182,0.6642221490165402,0.06450474879017652,0.7062855209488421,0.04490774643152364,0.8678629482379543,0.002533818780094871,0.34252384703167543,0.3314030330964098,0.4244,-0.9
0.926,0.7446748653409626,0.03287880445911806,0.738982149320934,0.03497567647261745,0.7515115901742101,0.03044620516353283,0.27658351880099574,0.4217417660528967,0.435,-0.9
0.9208,0.7963109608293434,0.015497520873633265,0.7162445335469674,0.04184293885581773,0.831067579849974,0.008051907225980776,0.6803533748311432,0.057814579555092685,0.4446,-0.9
0.918,0.8273816434958258,0.008211686535517623,0.7575791793092154,0.025734839711104886,0.7888179624896045,0.01668799881533725,0.22213839263951377,0.4842233765983196,0.4406,-0.9
0.924,0.7277619987185606,0.03850935314693422,0.790257807470858,0.017886974062502083,0.8571715303164776,0.0044660443602414735,0.4331915700092779,0.24089291494995763,0.4102,-0.9
0.9216,0.7213526956932023,0.04009898288213925,0.8200370657596737,0.010315029611504834,0.7202047648407447,0.040560040744851734,0.2730412909195745,0.42062839912406796,0.4352,-0.9
0.9134,0.7749420562008229,0.01917060220109608,0.7437988913707435,0.028764536048272858,0.8229516816326635,0.008180898295479055,0.3745584240113773,0.29035024401390264,0.4308,-0.9
0.9266,0.7760129817662769,0.022676450060523656,0.6275591545190662,0.08942542726595172,1.0120486319582518,0.0073014687035367724,0.653433193205728,0.07462010433417911,0.4354,-0.9
0.922,0.7721130088059989,0.022466110129190586,0.8062565675256774,0.01339654216093808,3.601997415024058,7.1823861445356325,3.7993370450752466,8.27906847096235,0.4324,-0.9
0.9184,0.8242376514304885,0.008866547888126174,0.6679225320022725,0.06273896197455262,0.6174930480159122,0.09054499375235411,0.19979440672751092,0.516393998682506,0.4282,-0.9
0.912,0.7409737145983647,0.029249990298281625,0.7837640280246735,0.016444464508456734,0.6335094525506519,0.0775569850186376,0.24617855979646155,0.4433181902347142,0.44,-0.9
0.9188,0.7686878826275434,0.022533647782042174,0.7490405985263642,0.028818254388687053,0.8313762599786664,0.007642910319317722,0.5365278065691943,0.1461320298703993,0.4382,-0.9
0.9198,0.8086616364072173,0.01235173586208155,0.7567792130619287,0.02657577697390801,0.8179077637199684,0.010382027814145772,0.2521804801176473,0.44571582332794313,0.4318,-0.9
0.9184,0.7414266688268041,0.03131955994653768,0.7572114452268229,0.025981750189865503,1.0295375793925023,0.012351561553224763,1.6113694641545067,0.4802066782505841,0.4368,-0.9
0.9136,0.6705964713652115,0.059050714928958456,0.8114725786097348,0.010430010199824799,0.8449183220394724,0.004717172887473623,0.5042769129608516,0.1675453895832582,0.448,-0.9
0.9226,0.9023649351480885,0.0004094578495610646,0.7799707315146923,0.020343108228653976,0.8161340211419525,0.011335004654202202,0.5702412386088609,0.12415669672909768,0.4556,-0.7
0.9232,0.7642814350389504,0.025255110289279344,0.7091424435719847,0.045820637463932945,0.7925889191772105,0.01705925443369725,0.23508230695453827,0.47350595948220836,0.4348,-0.7
0.9144,0.7610373584070387,0.023520099836371107,0.7456199933716096,0.02848669063747952,0.7211059840230419,0.03736257661250052,0.3866673701116651,0.2785017286488583,0.4634,-0.7
0.9192,0.7972357729210918,0.014875272686955482,0.7729945934850723,0.021376020894195276,0.8084673184150031,0.01226172677100432,0.2565421854129397,0.4391153792332988,0.4474,-0.7
0.921,0.8372571815230272,0.007012859646467225,0.7946234779685736,0.01597102532075962,0.7791031634367603,0.02013471222665476,0.3617305896681466,0.312782273332939,0.4568,-0.7
0.9214,0.9075790147923377,0.00019101963211041968,0.6969871404774487,0.050361131519088345,0.705433198135384,0.04664165950763032,0.2983850548405257,0.38814762189206276,0.4486,-0.7
0.9222,0.733934607410647,0.03544385804682323,0.7495262709140778,0.029816216716438478,0.7360876549953463,0.034637804963131236,0.33049315817673347,0.3501169866604641,0.45,-0.7
0.9138,0.836021398536447,0.0060495108456262055,0.7015344219490885,0.045056675625287555,0.8448105898911468,0.004759538707167533,0.552652573665545,0.13042746354800058,0.4396,-0.7
0.9172,0.7175272326804172,0.039869214009060266,0.7482435538068879,0.02854628071020599,0.7369443403961065,0.032492102819234744,0.3487387191165084,0.3231482278637,0.462,-0.7
0.9164,0.7566642476454553,0.025515510580272443,0.7810522708606906,0.018319007783167855,0.8001697311659964,0.01350947539322474,0.43848975211671676,0.22839820503186123,0.4618,-0.7
0.9206,0.7564607753199175,0.02694168507857859,0.7540438754143194,0.027740942637000752,0.8203755831547219,0.010044933731976055,0.2816039641132936,0.40831593387892495,0.4452,-0.7
0.9204,0.6591066105216523,0.0682742353850835,0.711232054157881,0.043751229567811606,0.8528799969367059,0.004558950813667243,0.541236378754333,0.14376505167612766,0.4442,-0.7
0.9152,0.7105356600507575,0.0418874920468591,0.698534975532005,0.046943732827716855,0.7441365131761866,0.029262716524320997,0.33905367933159525,0.3319445828197403,0.4462,-0.7
0.915,0.6389763996421095,0.07618902795453246,0.782481229279004,0.01756122459340392,0.7154469949410073,0.03982140182807439,0.3334737490226084,0.3381727805758203,0.4506,-0.7
0.9204,0.7084651426370064,0.044916383765472426,0.7338018149475334,0.034818882664874574,0.7264652730209125,0.037610678328453225,0.19659241506058303,0.5238974200158314,0.4518,-0.7
0.9176,0.8299310869136278,0.007685838321745873,0.7600688549943269,0.02481606164679841,0.7473016424152773,0.02900153059605407,0.19446453416998208,0.5229249019411969,0.4462,-0.7
0.9172,0.6733140134701563,0.05948037442563511,0.8065047242045402,0.012253444083432907,0.7856973829472905,0.017292938291711562,0.20186561640943876,0.5117032803468882,0.4342,-0.7
0.9142,0.7706900530228104,0.02059510488139579,0.7317372377760708,0.03329265959838613,0.7428375679523251,0.029365083117293987,0.27064218167309334,0.4141666655296877,0.4548,-0.7
0.921,0.7331396593268162,0.035291507597844676,0.7283011915894225,0.03713283076285646,0.815469030358307,0.011136785553515943,0.5203711164902207,0.16050350230229232,0.4444,-0.7
0.9186,0.7600630215019374,0.02513397355129516,0.6740866773241374,0.05978676496599049,0.7670141444417228,0.022978271605334877,0.2951611793120013,0.38867596314084246,0.4512,-0.7
0.9174,0.7136760591926135,0.04150344405809153,0.7291281688738614,0.03544628239558923,0.723400251972623,0.03763590223468575,0.5279138210590223,0.1516994835860433,0.4516,-0.7
0.917,0.7205489993659999,0.038592995650099916,0.8142086626082659,0.01056605904278133,0.7390762057383998,0.03165687656444424,1.436236326333348,0.269606362584151,0.4392,-0.7
0.9152,0.7123123354654547,0.0411634044202822,0.7577001637913287,0.024806198405758307,2.3438746718807963,2.041111318073701,20.00721967598179,364.5052153080759,0.4332,-0.7
0.9186,0.8101110271049442,0.011769857239824145,0.7747844645135105,0.020682908247265725,0.8289099408952905,0.008044306702206286,0.3882088547974652,0.2813147669092563,0.4498,-0.7
0.9178,0.6748573153780428,0.05902114801132372,0.7393088115278631,0.03185910436219588,0.807147786593132,0.012243912331839042,0.24931425780128155,0.44687318752297134,0.4446,-0.7
0.916,0.8277470669204181,0.007788580197149167,0.815133963560313,0.010173957307052277,0.8068918576830305,0.011904586719860076,0.4334674357949119,0.23283767551833748,0.4492,-0.7
0.921,0.7915937041242088,0.01674598941229282,0.7843120457455516,0.018683596838266196,0.7621751552568646,0.02522533130768107,0.32965132176062906,0.34969325925545114,0.4444,-0.7
0.92,0.92829776243099,6.88528613611492e-05,0.7685533840062563,0.022936077495956483,0.8332194528837126,0.0075308633578021885,0.30367462103957815,0.37985697275070773,0.459,-0.7
0.9148,0.7650628523118502,0.02242121339778276,0.7537402415204794,0.025940245801481503,0.769966872684253,0.02097663476805936,0.5318088802633621,0.14668219779712363,0.4382,-0.7
0.9118,0.8499191284425414,0.0038292422647107005,0.7600223372218665,0.023036458918392823,0.7085099615422226,0.04132683973616465,0.5417382574816453,0.13694569327572112,0.4446,-0.7
0.9202,0.8703111077612049,0.0024889015688141112,0.7543091029040515,0.027519789739298577,0.603309960398917,0.10041929719837593,0.29683717161888123,0.38858121580730814,0.4598,-0.4999999999999999
0.9098,0.7314270915364312,0.03181689447375273,0.7457212521573529,0.026921835493611004,0.9980655769387987,0.007790812072338987,0.8662648275617767,0.0018953112392258427,0.4628,-0.4999999999999999
0.9156,0.7892769176366878,0.01595752113776814,0.7131812869202345,0.04097333540486841,0.7910789813069645,0.015505484096351283,0.5396356959454615,0.14134915792321348,0.4678,-0.4999999999999999
0.9174,0.7505160252673588,0.027850261022564812,0.8104468545727431,0.011438975316783957,0.7481205259578559,0.028655540331984922,0.5898698609146547,0.10727599200926566,0.4662,-0.4999999999999999
0.9242,0.8200977734142101,0.010837273580119149,0.7315115920557175,0.037128822556102246,0.8341839158912729,0.008102895398269428,0.5086121204425124,0.17271328563508886,0.4522,-0.4999999999999999
0.921,0.8219369145225728,0.00981349490430806,0.6320075962621893,0.08351660941815782,0.7902216029595477,0.017102989132470197,0.40305621280829734,0.26826576669048385,0.458,-0.4999999999999999
0.9258,0.730716424437537,0.03805760145423518,0.6398835363533697,0.08174822418419485,0.8553510675285313,0.004963052086369551,1.045209548937945,0.014258640377563477,0.4552,-0.4999999999999999
0.9164,0.7719027488728949,0.020879455583289675,0.6775252837542445,0.05706113006149021,0.7333511766774972,0.033506871719752855,0.640388826473496,0.07618216791147787,0.4634,-0.4999999999999999
0.913,0.5852793107391713,0.10740085016959268,0.6810458608299493,0.053802722678119246,0.7752239980992788,0.018982226699747546,0.24741564011915793,0.4430025401179903,0.4598,-0.4999999999999999
0.919,0.7752419358521933,0.02066638100752493,0.6632916415582527,0.06538676457697314,0.76732053065855,0.023006661419703884,0.46142433797620996,0.20937548647650978,0.468,-0.4999999999999999
0.9104,0.9135126358929329,9.688502201974e-06,0.6885613059434108,0.04921240618073298,0.7726288317889938,0.01898089479022537,0.6447663390458996,0.07056124183187794,0.473,-0.4999999999999999
0.9158,0.7459093419956029,0.028862835677167006,0.7927442491829395,0.01514271780915047,1.1596267306636698,0.05945147458613382,0.7530414013559081,0.026490361432588566,0.4698,-0.4999999999999999
0.9176,0.7044107269235469,0.04544966615486648,0.7736406369268894,0.02072429821641566,0.8823253409313584,0.0012443015724088976,0.43671701872338553,0.2312484416814847,0.4728,-0.4999999999999999
0.916,0.7586540890197359,0.02475773570220922,0.8185547675476526,0.009495573327692035,0.7959635846389304,0.014408741012735246,1.1280341624696915,0.0449584860542235,0.4686,-0.4999999999999999
0.9208,0.8460542230335457,0.00558693117431892,0.9064597192717949,0.00020564365136372872,0.8286650565878634,0.008488847797557608,0.5255529594983595,0.15622022302530544,0.4678,-0.4999999999999999
0.9194,0.8272884354476592,0.00848454032428005,0.8200700920492411,0.009866430613506238,0.8075400589149774,0.012512646419544731,0.25674829147119677,0.4391072868161421,0.4698,-0.4999999999999999
0.9142,0.8637228503154933,0.002547942640272092,0.7887762678217143,0.01573111259353035,0.8223461032969696,0.00843713833953099,4.701834404781713,14.346174384286119,0.463,-0.4999999999999999
0.9226,0.8733780932686589,0.0024227961022688406,0.7767188540682196,0.0212813087383694,0.6987615192256531,0.050103665475367654,0.6943338306953434,0.05210544404902215,0.4576,-0.4999999999999999
0.9184,0.713206302549463,0.042104453473422496,0.836371831991896,0.006728620346765733,0.8199627099186044,0.009689900078568818,0.721014789846076,0.038960921187508726,0.4698,-0.4999999999999999
0.9146,0.7477135845858921,0.02785107564977018,0.7936990341237048,0.01461704354982109,0.7938142813228055,0.01458918983636636,0.2180742991509671,0.4851480519432364,0.467,-0.4999999999999999
0.9126,0.8246845919064335,0.007729118980258331,0.7063129572622012,0.04255434400150641,0.8959502820344187,0.0002772131083333985,0.6479241686360073,0.07005329570822066,0.4594,-0.4999999999999999
0.9148,0.7890855615822228,0.015804120026697094,0.7661442805200815,0.02209852293409219,0.7903832452072257,0.015479528873165315,0.3775230030181515,0.28866657148583325,0.469,-0.4999999999999999
0.9158,0.7602568303227573,0.02419367763324351,0.708590728716366,0.04293568210589462,0.6267480980177603,0.08355100203955027,0.6473535504307064,0.07206349628635926,0.4664,-0.4999999999999999
0.9256,0.7363601126444145,0.03581173496635469,0.7388123625316657,0.03488962151100187,0.7564742010454591,0.028603535872011764,0.47919951100005964,0.19927339657938586,0.4692,-0.4999999999999999
0.9258,0.7377316225725131,0.03536971458820764,0.7662261852335185,0.02546380235912734,0.7934088866704011,0.017527406888650687,0.2814873429010638,0.4151388000978913,0.4626,-0.4999999999999999
0.9124,0.6420866710604903,0.07306929580235955,0.6795723086707062,0.05420873384972892,0.8265148649360051,0.007376256424960641,0.5129405109398348,0.1595678834002082,0.4594,-0.4999999999999999
0.9166,0.8734933758699636,0.0018581810438882372,0.746218648401089,0.029029804972671727,0.7961035664041626,0.014519390509316051,0.5161702692475864,0.16034396927045047,0.4686,-0.4999999999999999
0.9202,0.7639352553088827,0.024418670433380068,0.6612094825170468,0.0670760881460879,0.7579458034686726,0.02632642429202663,0.7053357553661477,0.04616664362207595,0.451,-0.4999999999999999
0.9238,0.7953285872449407,0.0165049038952808,0.8121832448571921,0.012458300028609532,0.8226925617650781,0.010222714066428537,0.6078032824334276,0.09985392551284808,0.459,-0.4999999999999999
0.9128,0.8078795429199839,0.011008302313879495,0.7646915347225964,0.02193611748682784,0.7146707575055528,0.039255196731423456,0.23948300894146168,0.4533557704481237,0.4644,-0.4999999999999999
0.9262,0.8908824854112447,0.0012473268367269447,0.8023700165461399,0.015333864802183265,0.7943290649040555,0.017389943523078807,0.5144666786123374,0.16952432794091626,0.4778,-0.2999999999999998
0.9186,0.7585996926622818,0.02560009834816428,0.702911634915357,0.04652147083288623,0.7699431947488947,0.022098845747465033,0.3370761241416732,0.3381700181932906,0.4836,-0.2999999999999998
0.9146,0.7705462782172247,0.020751474759469233,0.7733985028594732,0.01993786279472619,0.8914102502056196,0.0005377644955259647,0.45376402069744853,0.2123697998197416,0.4762,-0.2999999999999998
0.914,0.8488296485062411,0.0042471747138200875,0.7054650272233878,0.04348683487094242,1.5564901499327704,0.41279359276063365,1.2916983800272501,0.14265606627520902,0.4782,-0.2999999999999998
0.9262,0.9408047810034628,0.00021329962815910616,0.7192746643306688,0.04281809454186541,0.7677638555304097,0.02510201187438889,0.33853300272389475,0.3453524996875139,0.4848,-0.2999999999999998
0.9114,0.7788196249067744,0.0175775558598604,0.8070283012203873,0.010893451506142212,0.5204372989570979,0.15285183360676163,0.5697078663125426,0.11675351422388729,0.4852,-0.2999999999999998
0.9144,0.825076050607869,0.007978767935007972,0.7251206828115508,0.03582665991532554,0.771037614814531,0.02055277348606677,0.2517678505752243,0.4390813654512984,0.472,-0.2999999999999998
0.9208,0.724503815693376,0.038532191973340096,0.7158271036987193,0.042013888218135564,0.7891665355621068,0.01732736895992208,1.5347506322480369,0.3769353788377643,0.4748,-0.2999999999999998
0.91,0.8087013532092703,0.010261415841633023,0.696548262923304,0.04556164406105899,0.7800021291449852,0.016899446426837106,0.24932761635659467,0.43648799850905906,0.4852,-0.2999999999999998
0.9136,0.8723942610388377,0.0016979129233354493,0.7711035808630288,0.02030522946685937,0.8514384039367063,0.0038640640251360824,0.39817363880661044,0.2656643338130585,0.4788,-0.2999999999999998
0.9154,0.8041101906248955,0.01238542167074709,0.7998628202080726,0.013348839914272145,0.8354160951687277,0.006397425032058019,0.4384297067054431,0.2275006606854956,0.4862,-0.2999999999999998
0.9194,0.8413738605079789,0.006088078444028333,0.725902355491605,0.03744133843029721,0.7491102255567336,0.028998607279938558,0.4020620855662949,0.26763851771061564,0.4896,-0.2999999999999998
0.9194,0.7534049450664442,0.027554358262394215,0.8089639973036945,0.012196110691538394,0.8879856479853665,0.0009868615124993077,1.2659562145294145,0.1201012098289576,0.4926,-0.2999999999999998
0.918,0.7969041408995133,0.014664207091284928,0.7601357218939812,0.024921130301934474,0.7919265738021708,0.015894508793259498,0.26913475623148303,0.42102610457077694,0.4874,-0.2999999999999998
0.9148,0.846917366881826,0.004608051879056613,0.8102423869114369,0.010932294454777648,0.8410520301996836,0.005438763049668379,0.42968849079226346,0.2353331763658078,0.4822,-0.2999999999999998
0.9196,0.655031486984364,0.06999649807930475,0.7209096161615104,0.03947786862988632,0.8532956691453588,0.0043962642900817195,0.5106529028696288,0.16723772825135721,0.4768,-0.2999999999999998
0.9144,0.8966879084537969,0.0003137181869410802,0.7101027881691232,0.04173735076187014,0.7481432546947402,0.027641305359498027,0.40602985725321006,0.25844020203639156,0.4882,-0.2999999999999998
0.928,0.7720086695472124,0.024333295176430805,0.639451006261137,0.0832605217877104,0.7642384326350863,0.02681785094581319,0.5507690467153095,0.14230319211607642,0.48,-0.2999999999999998
0.9268,0.7479468910941566,0.031988434565285474,0.7354413347423077,0.036618138769205534,0.7421844567416384,0.03408289881257998,3.7201525840795533,7.8028186589839175,0.4718,-0.2999999999999998
0.9198,0.7319169251128317,0.03530004982905728,0.7450078150894492,0.03055230790580415,0.7971859939698824,0.015034194474753695,0.27950235092982123,0.4099810794047977,0.4798,-0.2999999999999998
0.9106,0.6180375030470211,0.08559281462336177,0.7164612064907211,0.03768987114523842,0.21769011930268392,0.4801241027679688,0.648732861407201,0.0685743982747802,0.4784,-0.2999999999999998
0.9144,0.7397306180524245,0.030509392989948026,0.8139347449876368,0.010093267464699157,0.8518769471159808,0.0039091321419378565,0.7882851260909713,0.015904961421090193,0.486,-0.2999999999999998
0.9146,0.6717625589860154,0.058970022758220414,0.7593136443141382,0.024113852262195982,0.8960799858994553,0.000342990922284375,1.5494829659746103,0.4030763804847183,0.4774,-0.2999999999999998
0.919,0.8906434397958425,0.000804094506612012,0.7684180274846032,0.02267493044662773,0.6544332072228629,0.06999558784038062,0.38067386103543477,0.28979503189249645,0.4654,-0.2999999999999998
0.9178,0.8232558553573543,0.008938595286209492,0.7199859197475016,0.03913041034614186,0.7680946155697296,0.02241170212741504,0.3380468009657889,0.3361137717904016,0.4836,-0.2999999999999998
0.9096,0.7481459281793258,0.026067417307475412,0.7662163550009107,0.020558869653224864,0.717264423441816,0.03699297400996906,0.20418295173610548,0.49761321198134567,0.4728,-0.2999999999999998
0.916,0.8040237570023696,0.012538678995864376,0.7541921033188701,0.02618179542837122,0.8618145012324794,0.0029360682766849827,0.5902674214959422,0.10610171269890217,0.4916,-0.2999999999999998
0.919,0.609835441398696,0.09558272429513913,0.6887056228717556,0.053035500136886064,0.7096344149507942,0.04383394820299626,0.3290746621717951,0.3480119042117218,0.4818,-0.2999999999999998
0.9222,0.6756320679223089,0.0607957451290689,0.7069450459149899,0.04633469525813983,0.6165152594801004,0.09344316058671834,0.5231953965452629,0.159204673578072,0.474,-0.2999999999999998
0.9146,0.7479256040879505,0.027780354252646612,0.672287943614903,0.058715132669574434,0.8036065086342414,0.012319555125560714,0.8861291560816235,0.0008105889534245566,0.4788,-0.2999999999999998
0.9188,0.9121452765311349,4.4285344447063774e-05,0.680935539998673,0.05657950133172289,0.783066148685387,0.018423678392697443,0.6631339061058925,0.06536515156707057,0.4892,-0.09999999999999976
0.9134,0.8201916078102136,0.008687804374605031,0.7441930939223618,0.02863097706436668,1.0090398999719399,0.009146990466642668,0.7556739625688454,0.024877502883733964,0.5058,-0.09999999999999976
0.9188,0.8458100413978038,0.005327534056750308,0.681183483465109,0.056461608930176085,0.9582824016836335,0.0015588600427077928,1.5280885134825304,0.3712324926617517,0.5022,-0.09999999999999976
0.9122,0.7773669135507333,0.018179961201435436,0.6695479985822923,0.058879993792019227,0.7557282264387555,0.024483415921401384,0.45628615979184833,0.20785742969334406,0.5046,-0.09999999999999976
0.9148,0.9072555892084448,5.691813419173306e-05,0.7043313910804689,0.04429703534052249,0.7599572667340703,0.023976272045263845,0.6865213760311375,0.0521111301611173,0.4968,-0.09999999999999976
0.9206,0.8514357425529097,0.004783694508207388,0.7361734892979265,0.03401313784974203,0.6614108957645153,0.06717899175439294,0.2511039678635942,0.4482249370463914,0.503,-0.09999999999999976
0.9196,0.8511403551684272,0.004686722970465084,0.7347315352469682,0.034176349260142944,0.8427747349705426,0.005902121346846372,0.45701039282759404,0.21398914466392083,0.4968,-0.09999999999999976
0.9164,0.8892457813314006,0.0007373515915021095,0.7188847966127098,0.03901225556912263,0.7739602485836835,0.020289082783542033,0.4680134155302193,0.20105052913247579,0.491,-0.09999999999999976
0.9204,0.7625326225378606,0.024922108866773603,0.7990479942495935,0.014726309299646693,0.9033691717587339,0.00029004911058350753,0.5448005873153491,0.1410749188090547,0.5002,-0.09999999999999976
0.917,0.7310155917792652,0.03459020010121693,0.7119650397963182,0.042039334905725395,0.7959485244003045,0.014653459744863684,0.3642615827520483,0.30551975790177077,0.4968,-0.09999999999999976
0.922,0.7991977876233374,0.015080383364602962,0.6596018324157689,0.06885279835156227,0.7953735395270004,0.016034260491920138,0.7440445887481579,0.03166812839381225,0.4876,-0.09999999999999976
0.916,0.8113388263453944,0.010953961270759507,0.664572037018137,0.06321602056920907,0.7798307060172309,0.0185420766237658,0.5642364066856408,0.12373762558142992,0.4938,-0.09999999999999976
0.9144,0.863453684033402,0.0025955271105684427,0.6827157813828438,0.05367757715624221,0.7771641179899454,0.018833687311077613,0.4221676577541767,0.24229267875280933,0.4982,-0.09999999999999976
0.9282,0.8540655890028674,0.005495910893891773,0.6782526961336028,0.06247365471008109,0.6887657742838761,0.057328748444279785,0.9493550082264098,0.00044753437305946676,0.4952,-0.09999999999999976
0.9116,0.8257700121046415,0.007366786822117378,0.6636896158757256,0.06145955855664526,1.0118871325339496,0.010057508951881974,0.8470492674230673,0.004166797076218676,0.5002,-0.09999999999999976
0.917,0.8839112111367311,0.0010948679484379905,0.6270927478241152,0.0840462148641721,0.7570727421073623,0.02557672781705826,0.6209291143358144,0.08765796933797526,0.4882,-0.09999999999999976
0.9172,0.7859212574335832,0.017234108249819535,0.6820506016409025,0.05529523954864554,1.0635425358639414,0.02141613780308898,0.7747665160558914,0.02028729734845664,0.4962,-0.09999999999999976
0.915,0.8362065105756101,0.006208413975671444,0.6479546405255678,0.07131322401682871,0.795070038907036,0.014383195567759872,0.5366153582505128,0.14317493711188783,0.4958,-0.09999999999999976
0.9208,0.7594715153088359,0.02602687997274714,0.7319848286790773,0.03565116892094936,0.8034074640848795,0.013781007488582844,0.6466324822103143,0.07516782781095759,0.4958,-0.09999999999999976
0.9186,0.8311755243132803,0.007643038949097831,0.6717843665665947,0.06091795690713309,1.2037493922625866,0.08131017590772249,2.2937094767561574,1.890926073064593,0.495,-0.09999999999999976
0.9202,0.7042994994901602,0.046613026120399324,0.6391042210723855,0.07901483693092233,0.6429401812024164,0.07687300711966892,0.31831224873505837,0.3622688651227683,0.4894,-0.09999999999999976
0.9142,0.7230648689554557,0.03653263831941511,0.6909451360950944,0.04984273425719791,0.6497495001870791,0.06993406685130368,0.38930825448605405,0.2755113445086769,0.4932,-0.09999999999999976
0.908,0.7678220550820039,0.01964985624143277,0.6409388010403025,0.07132168398979112,0.8046945170269079,0.010672022812303835,0.4786424398803493,0.18434791443189946,0.4878,-0.09999999999999976
0.9164,0.8049800134063305,0.012414413412533486,0.7176863664641976,0.039487108153001174,2.2058879247085494,1.662779107969162,5.149267356923315,17.91716606130697,0.4896,-0.09999999999999976
0.913,0.809915805567985,0.010626351141697472,0.6080374730248935,0.09300214285904257,0.6885137236976651,0.05039408824808828,0.4157431872412611,0.24726433783497956,0.4914,-0.09999999999999976
0.9194,0.689581849537937,0.05281638228180343,0.6727085949885891,0.06085664930650394,0.705519270046173,0.04574496664558187,0.2466000453913071,0.45265977892145925,0.4938,-0.09999999999999976
0.9158,0.797627128664483,0.013964827519680633,0.6687879643255088,0.061014945768056085,0.732495318976972,0.03360060608495404,0.3830873070291896,0.2837828132522129,0.4868,-0.09999999999999976
0.9186,0.8923415966088439,0.0006895037486526748,0.7379658584303223,0.03262869310061437,0.8564201488037528,0.0038663338947874364,0.512552653345636,0.1648744477250492,0.4964,-0.09999999999999976
0.9132,0.6966805764764673,0.04688066076296293,0.7030519869395532,0.044162187393253734,0.7903659819591948,0.015088195988048853,0.5102678781802393,0.16235429479417446,0.504,-0.09999999999999976
0.921,0.8135253427515127,0.011550801950679838,0.6746553844481706,0.06068566961137863,0.7381998849671775,0.03341588205601316,0.44238300623197174,0.22907422672354483,0.5004,-0.09999999999999976
0.9208,0.8130302496371671,0.011614319093267315,0.7366638890902465,0.03390610734096903,0.7920831809790886,0.01656801949886205,0.8896914344663684,0.000967742849560246,0.5144,0.10000000000000042
0.9138,0.8163038120670653,0.00950550666145412,0.6563011465915944,0.06630565950664351,0.7586377462776018,0.024075324980213846,0.35490461888931074,0.3123640470268625,0.504,0.10000000000000042
0.9246,0.7207374050522893,0.041559957618814335,0.7118755940424278,0.045251672890001954,0.7586076949539375,0.027553445334505045,0.30597829086003064,0.3826928190192567,0.5184,0.10000000000000042
0.9164,0.7983412948301971,0.013937857866370442,0.7631799231515266,0.02347639194945209,0.8764420247427206,0.0015966397866613526,0.6981831877852314,0.0476185771331756,0.4988,0.10000000000000042
0.9142,0.8907861833137541,0.0005482068118171255,0.7040812172008213,0.044149902885008446,0.7305144749840258,0.0337403721003941,0.3957482378256647,0.26879222970167355,0.5104,0.10000000000000042
0.9196,0.9169038477053811,7.2692371957784175e-06,0.6801390320055187,0.05734155519285397,0.7247282244331371,0.03797500891258177,0.31954372617077376,0.36006753176181533,0.5098,0.10000000000000042
0.9146,0.8009854973330591,0.012908255216256308,0.8114831121446973,0.010633092560963075,0.7693893481786946,0.021086133402368364,0.47064349104793335,0.19709738184090642,0.5112,0.10000000000000042
0.9188,0.8166642045480995,0.010431720712592445,0.6871790300260764,0.0536482737316612,0.7942970516660688,0.015500984143841533,0.3409489867993811,0.33391179345698174,0.5028,0.10000000000000042
0.9216,0.8712160897638712,0.00253853841068228,0.7145864335365594,0.04285461669991334,0.8268844323855176,0.00897103874853359,0.5918175423909084,0.10875646934669225,0.5098,0.10000000000000042
0.9126,0.8158812877312304,0.009354509302929043,0.7757583758311346,0.018725630105172995,0.8685247908273149,0.0019426240636159391,0.8648238612092602,0.0022825594377520247,0.5106,0.10000000000000042
0.9164,0.8618170715574001,0.0029792960773699848,0.7306297044413572,0.03451060271194549,1.3032069970166047,0.14961965294100363,1.6105571583529055,0.4818541604925807,0.5168,0.10000000000000042
0.9118,0.8254847337457699,0.00745032518853864,0.7601502689596266,0.02299764092461762,0.8142371648364864,0.009518506805142928,0.48587819224154427,0.18140938632423095,0.5176,0.10000000000000042
0.9122,0.8735313432019288,0.001495265018567017,0.713922276976658,0.03931405544732113,1.041989702515441,0.016845366879046666,1.747098136006985,0.697054897507938,0.5072,0.10000000000000042
0.9204,0.8791893031257868,0.001698321536858285,0.7201836586646736,0.04008658333770393,0.8985556080926168,0.0004771774578033481,1.4884020695644211,0.32262635102946546,0.5106,0.10000000000000042
0.9264,0.6441619864881157,0.07965829627113456,0.6968953572651372,0.05267238103685702,0.7905753208772728,0.018448343458791813,4.519727217890204,12.912000494830554,0.509,0.10000000000000042
0.9202,0.8182119462883894,0.010401563099882364,0.6798509277903242,0.05776767651205197,0.8501192254149762,0.004911314966436921,0.9780945571537748,0.003351779748031695,0.5104,0.10000000000000042
0.9258,0.8303870910206467,0.009103623199902355,0.7144656269662082,0.04466221722558585,0.5963811995670999,0.10851674607865083,0.47621182126904843,0.20212953045461401,0.5198,0.10000000000000042
0.919,0.908988153312799,0.00010023707408801782,0.6783032521333545,0.057934924433579525,-0.560869830627556,2.190014715601631,0.35999424753500703,0.31248743128895295,0.516,0.10000000000000042
0.9178,0.8237724094243097,0.008841187789469627,0.6997937342254911,0.0475267319169458,0.9855221489700959,0.004586289461127872,1.2611167052038428,0.11786636007202232,0.513,0.10000000000000042
0.9158,0.8992229828706236,0.00027479749690763577,0.7233077641540236,0.03705326086098296,0.8023076179972813,0.012880520772651007,0.870374500849574,0.002063475973065347,0.5152,0.10000000000000042
0.9174,0.855953832625887,0.003775631484967511,0.765791897021886,0.02298501688862242,0.8128198125667608,0.010937015603571434,3.9978948277506956,9.489448383798786,0.514,0.10000000000000042
0.9242,0.8260396788503792,0.009635448648196694,0.7216280606365763,0.04103539061745864,0.7609573793628552,0.02664815319248277,0.27139538745713687,0.42615386215723766,0.5064,0.10000000000000042
0.9188,0.7659124494566952,0.023374603111131556,0.7788738707463257,0.01957932164791594,0.855411492153445,0.004018102927012755,0.5545722024450479,0.13266188851173114,0.5156,0.10000000000000042
0.9176,0.8489114825055056,0.004718112435591455,0.7211255850464106,0.03860219573135524,0.6031275169948214,0.09889294256744234,0.4546323459095679,0.21433904873399795,0.5188,0.10000000000000042
0.9208,0.7393872770776088,0.03291057603811628,0.7266292943999171,0.03770226291323405,0.9365653739400437,0.00024854701546941015,1.0711674980344863,0.022610384465151255,0.5118,0.10000000000000042
0.925,0.7906017991209146,0.018062876399535018,0.6681338289591484,0.06598022982518804,0.7865141875725786,0.019178320243682948,0.47917956295778624,0.19875586208451052,0.5146,0.10000000000000042
0.919,0.8414121603056569,0.006019872868435088,0.7074165331459269,0.044767563445988666,0.7739994443534404,0.021025161137811048,0.6834480303357495,0.055484730412707996,0.512,0.10000000000000042
0.9216,0.8837467093446577,0.001432871613437822,0.7494276685799938,0.029643311706600457,0.7907936231449325,0.01711030822594993,0.8163346022446738,0.011080803964587028,0.5038,0.10000000000000042
0.92,0.7991346714012922,0.014608427657273614,0.714851587305218,0.0420858712311886,0.7289158430850968,0.036513155023879355,0.4665469290435191,0.20561968755986337,0.5042,0.10000000000000042
0.9194,0.8969675516208258,0.000503214740284317,0.6558378018911928,0.06946503227194614,0.7627689310587216,0.024533291757687516,0.48835145965658877,0.18580284413218542,0.518,0.10000000000000042
0.9148,0.7121268436547745,0.04107640830293619,0.8243082294762134,0.008188760532529643,0.8424165226064452,0.005239367799583255,0.8348123739348715,0.006398020323534814,0.531,0.3000000000000004
0.9168,0.7745005908386146,0.020249121847679373,0.7720197601914406,0.020961317839023958,0.780103239305735,0.01868600438430514,1.2297134208876548,0.09791480897161463,0.5232,0.3000000000000004
0.917,0.8031853924448628,0.012953764892929912,0.8643269005985931,0.002774455400550499,1.1387679374376398,0.04918101807534491,1.0448601148259307,0.016348208963300165,0.5336,0.3000000000000004
0.9164,0.7630326153519696,0.023521554673776895,0.8388854978382587,0.006008498045382593,0.5790345437501554,0.1138154510706658,0.5439326296451162,0.13873194197908215,0.5114,0.3000000000000004
0.9126,0.8642307721478466,0.0023395822030135285,0.7334616664573317,0.032090542544444274,0.8377002138006765,0.005609977972704366,0.40782993028942816,0.25479282327561553,0.5316,0.3000000000000004
0.9192,0.6540381768022951,0.0703107924815309,0.7799722292274237,0.019384372154301055,0.8667986538886225,0.0027459010742843753,2.1239083292956265,1.4513221586742595,0.5212,0.3000000000000004
0.9234,0.7346521055242617,0.03562576766902442,0.7660350829359144,0.024763717122586546,0.8875121364422839,0.0012879387507372484,1.05250926296825,0.016669201784204727,0.525,0.3000000000000004
0.919,0.7727164810130137,0.02139886792721599,0.7566305229268968,0.026363847084992995,0.8223006831231549,0.009350757884448516,0.6169093234915333,0.09125877683334312,0.5258,0.3000000000000004
0.915,0.861366364596505,0.002876566846595041,0.764565762001276,0.02263045996225674,0.8159797643701358,0.009805007064193844,0.5233491092945308,0.1533904201903874,0.5276,0.3000000000000004
0.9222,0.8699898019086068,0.002725904784742525,0.7027648603498412,0.048151780513284705,0.8729341900532559,0.002427120029708712,0.81614735779832,0.011247162917957554,0.5214,0.3000000000000004
0.9124,0.8182457264420828,0.0088650272292191,0.7253296551594453,0.034995313918764065,0.8431507127735555,0.004795463781370612,0.7222187475796457,0.03616890877217453,0.5184,0.3000000000000004
0.9182,0.8444286273421205,0.0054422154238277275,0.7688861857581883,0.022294615123438243,0.8383937112284094,0.0063690437274945035,0.6639479752779445,0.06464409207526474,0.5256,0.3000000000000004
0.916,0.79073196480146,0.01569208064250266,0.7993612994372845,0.013604586468958815,1.090001377579187,0.030276479399454798,1.7369926070663801,0.6740288608576516,0.5294,0.3000000000000004
0.923,0.9475913546387437,0.0006047347229684576,0.8397377459464129,0.006932602950084084,0.8217150839892905,0.010258634211296486,0.6422175290887114,0.07883879597104863,0.5338,0.3000000000000004
0.9172,0.720782595988378,0.03857979659866474,0.7821593490876257,0.01823597739883773,0.8224909728840365,0.008969799817252313,0.37033906680628254,0.2990568802535036,0.5314,0.3000000000000004
0.9212,0.8665892510826185,0.0029823338973172836,0.8042853725534398,0.013669030110967973,0.9871327116287172,0.004347122462715576,0.8150216262262233,0.011273847057243833,0.527,0.3000000000000004
0.9192,0.8268850184983239,0.008522055809654813,0.7905417950835079,0.016552933692334088,0.8313045899576779,0.007725603106507946,0.8273579036744815,0.008434970657465827,0.5146,0.3000000000000004
0.911,0.7655289367928614,0.02116183023061533,0.7911889676827472,0.014354683464925813,1.1887385692583896,0.07713871285369726,0.9011246172999589,9.752318347227262e-05,0.5378,0.3000000000000004
0.913,0.8326250412414276,0.006460133995442227,0.7708332062005997,0.020211397259201215,0.8227596423895058,0.008143322141669879,1.0593848436631637,0.021428522454288855,0.5178,0.3000000000000004
0.918,0.8911635094962312,0.0007201972225588727,0.8143089999619871,0.010751823488883192,0.8196865572174445,0.009665533031758813,0.45501828611775197,0.21435206738934381,0.5344,0.3000000000000004
0.9126,0.8369096480706104,0.005729029375194845,0.7660433957183733,0.021478838258561304,1.0454995262917464,0.017662284088570592,0.7819842050715256,0.017060485884797284,0.5354,0.3000000000000004
0.9194,0.8607186343146677,0.003443502678695699,0.8133888988912106,0.011238353558297973,0.7552719477828687,0.02693801752458939,0.41484227156605247,0.25457850132242515,0.537,0.3000000000000004
0.9202,0.8297763348631692,0.008176439216777721,0.7544376087144017,0.027477170364719805,1.0571342847000786,0.018750998326322186,1.5735862551027096,0.42691359835714304,0.5326,0.3000000000000004
0.9164,0.826673494608915,0.008050845769696398,0.7011138174671679,0.04634814038955988,0.7490475310037861,0.028006848879128743,0.4747024477037955,0.1950967277044583,0.5272,0.3000000000000004
0.9152,0.8442360250343163,0.005035885742930188,0.828491725049913,0.0075183249448198914,0.6189014887245439,0.08779280778405162,0.5943206474435018,0.10296355889707749,0.5262,0.3000000000000004
0.916,0.8715200479410516,0.001978466135166347,0.7424512092765421,0.03011918276157461,1.0258083051806348,0.012057863886643424,0.8610775887855223,0.003016471253612188,0.5296,0.3000000000000004
0.9142,0.8500610347376256,0.004113806864928069,0.7640091952569783,0.022557277829356473,0.780715902752912,0.017818004217870043,0.9359318282835885,0.00047227236054737443,0.5196,0.3000000000000004
0.9206,0.834754937726161,0.007369374716799283,0.7833106058651232,0.018848377741921524,0.9115057033757615,8.27062310896347e-05,0.8202571000913654,0.01006869756207425,0.527,0.3000000000000004
0.9246,0.7935617448864788,0.01717102430319626,0.8066808844089508,0.013904917821775217,0.7980626178294822,0.016011709086567676,0.5824670386501443,0.11705496324202186,0.5184,0.3000000000000004
0.9136,0.7962719720353529,0.013765866146072996,0.7404824165470898,0.029969697700575317,0.7629359110863562,0.022699667688178365,0.31574900589049787,0.3574258111577198,0.5332,0.3000000000000004
0.9196,0.8557161664355766,0.00408114419088695,0.7641131837345659,0.024176150032360844,0.9045617703810325,0.00022614835007279146,0.7540156851493934,0.0274181653245448,0.5492,0.5000000000000003
0.9182,0.8089100772229888,0.011944287220605075,0.8187102154627443,0.009898217227269577,0.8840586890736059,0.0011656291117727216,2.647906489031402,2.991884538197339,0.536,0.5000000000000003
0.9212,0.8108424340754397,0.012178792356793687,0.8124452875137329,0.011827587487970624,0.8792082651939173,0.0017633057920243822,0.6580168294141537,0.06926538127961866,0.5392,0.5000000000000003
0.9152,0.9332554204720688,0.00032599820842319974,0.7992986145824194,0.013433131141714579,0.8558159089002111,0.0035264702757480306,0.560570630914048,0.12576198941830036,0.5456,0.5000000000000003
0.922,0.8203062327817185,0.010341622291046024,0.866117438573204,0.0031228606716196326,0.7284465474415626,0.037462938997291306,0.8409259155626192,0.006573007167359559,0.537,0.5000000000000003
0.92,0.8472782827559897,0.00528844815891779,0.8000472097726539,0.014388671883325715,0.797115313436842,0.01510064619172558,0.505696583249508,0.17164732113113193,0.5408,0.5000000000000003
0.9226,0.7978551200292686,0.015561285078912173,0.8008965872377157,0.014811720677986933,0.7961368600476056,0.015992925766618874,0.4352226769141989,0.2375366550582813,0.5488,0.5000000000000003
0.9152,0.7554788590357888,0.025510842870909423,0.8172330380544066,0.009597525632849345,0.899586128770556,0.00024379297476965974,1.481342127213358,0.32051690820566603,0.54,0.5000000000000003
0.9152,0.9947569640027559,0.0063293105213358,0.7561431541522499,0.025299080211034955,0.7941699590492715,0.014648270812535032,0.5112936428282534,0.16314034536375055,0.5364,0.5000000000000003
0.9146,0.8269106799373215,0.007689416853054868,0.8244616664562374,0.00812491917404659,0.8292188518227216,0.007289940464070366,0.833930148486408,0.006507624943224976,0.541,0.5000000000000003
0.9172,0.9254383290167391,6.787006498804449e-05,0.8088103131517768,0.011748324215055901,0.8563746392236707,0.003699724513570616,1.6144733527074988,0.486190128395956,0.547,0.5000000000000003
0.9144,0.8711284872211812,0.0018724238181674787,0.8408774777457118,0.005405561278632309,0.8465300906982387,0.0046063245886293035,0.5618368179452861,0.12430079734054536,0.541,0.5000000000000003
0.9198,0.8366962745928834,0.0069062291765414245,0.8296510122917593,0.008126839984820524,0.856468488355917,0.004010880367124609,0.7149878765003462,0.04194800593243741,0.5352,0.5000000000000003
0.9168,0.7018425054242433,0.04620672447428644,0.7612645089525729,0.024191288975364253,0.797047454187497,0.014340672228575616,1.7224582990967277,0.6490852949034324,0.5412,0.5000000000000003
0.9232,0.7784767493573927,0.020944819276562925,0.793375673123449,0.016854355848949558,0.6640491688848407,0.06715915326767785,2.3583574454960403,2.05967689336272,0.5478,0.5000000000000003
0.9156,0.7313209884709609,0.0339587540901197,0.8050034073825926,0.012231606298580772,0.8559802641293123,0.0035545129052905653,0.4944823503826072,0.1773400748192772,0.5364,0.5000000000000003
0.9216,0.8361910420848863,0.007294690092145666,0.8125705180939287,0.011887427924706331,1.094377668022471,0.029852122567283226,1.1620905299488742,0.057835694995090364,0.543,0.5000000000000003
0.924,0.9302019037920837,3.846361064626131e-05,0.7947664234209806,0.016701317315405285,0.9057310133899026,0.00033375587175992025,0.9026515799091162,0.0004557550403768549,0.5532,0.5000000000000003
0.9168,0.830445571631307,0.007457087298883731,0.85203009339571,0.004195140801528442,0.9608050345715832,0.0019364430676462347,0.6628571731490739,0.06448695930903942,0.5382,0.5000000000000003
0.9204,0.8329238053041371,0.007652084638468508,0.8006101385809481,0.01434961089879566,0.8875176994513642,0.0010812456893708165,1.1117623194905497,0.036619537320803225,0.5468,0.5000000000000003
0.9156,0.831817474869981,0.007019511517162255,0.8294936387028545,0.007414305455834546,0.818528733050949,0.00942283086709392,0.4796700958667403,0.19003488131763296,0.548,0.5000000000000003
0.9176,0.8424305607147753,0.00565044460245508,0.7901859421037137,0.01623434214959818,0.8378294193332596,0.006363345539908932,0.7332487596138478,0.033985379831912854,0.5428,0.5000000000000003
0.9154,0.7784217592910146,0.01876303842772873,0.8071287610158324,0.011722661191166727,0.8052268454942154,0.01213812397375548,0.5592686943697543,0.12682950684990343,0.5438,0.5000000000000003
0.9156,0.8128532531979741,0.010556893978399618,0.7875763753633946,0.01639004846509442,0.7742977759420699,0.01996631852371746,0.397764757743959,0.26815333812237274,0.5384,0.5000000000000003
0.9142,0.6979284133881019,0.04677339917562777,0.7814550648283214,0.017621217813733162,0.7500378448842541,0.02694921317224623,0.9487195553295591,0.0011915997001504908,0.5484,0.5000000000000003
0.918,0.7758614414433876,0.020203369828551532,0.7834586954425496,0.018101362632020623,0.8586255069433073,0.003525330425739254,0.8376811266634442,0.0064511214140537025,0.5376,0.5000000000000003
0.9228,0.7584115830884668,0.027023551614680043,0.7871599336858839,0.018398227589697804,0.9419763253858868,0.0003677314553054093,0.8809787710850594,0.0017490151879558601,0.5444,0.5000000000000003
0.9118,0.9940067002095986,0.006757941559350806,0.8755579332917929,0.001313487399282139,0.8064962406208183,0.011088881739388618,1.1296216725923867,0.047446281050944866,0.5488,0.5000000000000003
0.914,0.896721545369628,0.0002985449944138247,0.7677401544235647,0.021391942428042713,0.8105887788658569,0.010693880656454652,0.4278499066915617,0.2363419132238033,0.553,0.5000000000000003
0.917,0.9244221216207327,5.508788935294685e-05,0.8348927120156586,0.0067416067401435764,0.9856455189481101,0.0047122072716553436,4.279284528302495,11.304957249262332,0.5376,0.5000000000000003
0.9216,0.7300077572257618,0.03670758749126261,0.8228054211512208,0.009760368809907646,0.7717881530864281,0.02244358947565549,1.4162376002958472,0.24466635562643435,0.5408,0.7000000000000005
0.922,0.7921445911050723,0.01686242721926888,0.8226952774658799,0.00986142791757859,1.3402603500084478,0.1749417203891892,2.9541362290951696,4.129577653601135,0.5536,0.7000000000000005
0.9172,0.8610270239573578,0.003155403237487262,0.8434475746542215,0.005439420244384635,0.797449886528977,0.014340089676322896,0.35789774764622057,0.3128190094880107,0.5578,0.7000000000000005
0.9224,0.9533791713579078,0.0009597090580226176,0.8119788948830217,0.012192820455254778,0.8732296593392206,0.002417722400697097,0.8291252097216347,0.008700186501473025,0.553,0.7000000000000005
0.92,0.7883971271174764,0.017319316150933663,0.7862945495322347,0.017877147484788063,0.8113504468329183,0.011804725403406512,0.49397022323497375,0.18150137069045813,0.5662,0.7000000000000005
0.919,0.8496955396643169,0.0048031082224202805,0.8033960338771343,0.013364276983336684,0.968960637668049,0.002496065316198069,0.8724294852139048,0.0021688128474419113,0.5658,0.7000000000000005
0.922,0.7648379960566601,0.024699895483486386,0.8231032634431497,0.009780564501595068,0.7745466599143881,0.021742487502403134,0.3981677003574123,0.27440027814884177,0.561,0.7000000000000005
0.9206,0.743292355011328,0.03143800097142895,0.8576766180157661,0.003959352000333806,0.8828006381357484,0.0014287917573446375,0.8373998178257942,0.006922270313821028,0.5636,0.7000000000000005
0.925,0.8356008929946034,0.007992200333362362,0.827061071933806,0.009592033630755139,0.7497528295518707,0.03071157075007569,0.44566410951922864,0.2297628959029941,0.5452,0.7000000000000005
0.9248,0.8077883054112646,0.013691736670527487,0.7901559750676155,0.018129013449992574,0.7800943894180099,0.020939713733906552,0.5506381246414606,0.13999710897181916,0.559,0.7000000000000005
0.9114,0.8150659684436025,0.009280245635908995,0.7610399755891413,0.02260813694083403,0.8910582608585952,0.0004137863512969602,0.6784357567009153,0.05427233865591514,0.5562,0.7000000000000005
0.9156,0.9085816353306929,4.925744263137751e-05,0.7621074601324275,0.023559959794998333,0.9491278434586591,0.0011241162869883507,1.697576241589752,0.6114868424108342,0.5708,0.7000000000000005
0.9142,0.6899486640236603,0.0502886616871732,0.8394356955587864,0.0055897012185784755,0.871073485729097,0.0018598962331583977,0.5937204243678906,0.10270715839733692,0.5712,0.7000000000000005
0.9186,0.9522994272275451,0.0011356513954646117,0.8567853447288275,0.0038210516062938903,0.8385101918073673,0.006414377376332691,0.8896240148946896,0.0008396077128231706,0.55,0.7000000000000005
0.9232,0.8962453222940856,0.0007265546502297199,0.8512860001280904,0.005171623377577015,0.8389038948453573,0.0071058333442425795,0.4888790389291521,0.18863469722550502,0.5406,0.7000000000000005
0.9198,0.8947844412536342,0.0006257781793928755,0.8071810469284654,0.012683028590928508,0.958507810940938,0.0014982946278393999,0.9190794031213809,5.192598614754872e-07,0.5582,0.7000000000000005
0.9144,0.703942039738559,0.04429255303740629,0.8046421587198973,0.012046783722468214,0.8957599930629795,0.0003474498586121725,0.8596003252638349,0.0030030043511894908,0.5558,0.7000000000000005
0.9184,0.783831804590903,0.018108599215660926,0.8237390651561319,0.008960692585515035,0.9355369853810167,0.0002936762679491805,1.0295224764999256,0.012348204783476511,0.5474,0.7000000000000005
0.9146,0.8165773345547589,0.00960844294098966,0.7983838387548924,0.013506196134548846,0.96045319559856,0.0021025155465998068,0.8416302255511766,0.005324587983112154,0.5592,0.7000000000000005
0.9142,0.7835224062130656,0.017076633517943047,0.8461599492207169,0.004629448510047423,0.8827118804976132,0.0009915016697965942,0.7433121865943643,0.02920264477055938,0.5668,0.7000000000000005
0.9228,0.7792717581235493,0.020600356216144918,0.849998054356128,0.005300123289533292,0.912203160990795,0.00011229299698700752,0.8979768802236333,0.0006161872754318447,0.5558,0.7000000000000005
0.9152,0.7863441906336246,0.016603819607463682,0.8120214946384542,0.01064580396864254,0.826354342721757,0.007893550817203015,1.074055850896243,0.025235181363969385,0.5616,0.7000000000000005
0.9186,0.7323744964129091,0.0346799381862656,0.8129195009469986,0.011168367880091422,0.8437124108190935,0.005608151013328214,0.8994028933391625,0.0003685289041475721,0.5534,0.7000000000000005
0.9192,0.7215839337049752,0.039052109657919644,0.7773382498368621,0.020124756159348573,0.8687925576109102,0.0025409102482094057,0.725121307119742,0.03766653903010952,0.557,0.7000000000000005
0.9204,0.8549482233457758,0.004283935067194447,0.8190580843068659,0.010270183876354302,0.8332587634956462,0.007593595099507722,0.6554054030332545,0.07022213642156791,0.556,0.7000000000000005
0.9186,0.8237167519424327,0.009002830761953852,0.8299403933547437,0.007860525850491575,0.8175550185319893,0.010210088279870619,0.7320547258223977,0.034799139317996795,0.5572,0.7000000000000005
0.9212,0.8712779943166419,0.0024922066514492425,0.7790077127210446,0.02021864656162098,0.8711372184781987,0.002506282093699612,0.5925181844695637,0.10803173586038375,0.5622,0.7000000000000005
0.9116,0.8613007936808965,0.0025300101563317367,0.8335669703051448,0.006089153723358146,0.8853580091902182,0.0006886420816606691,0.6407147651489101,0.0733788104603301,0.5582,0.7000000000000005
0.9198,0.8683742747350045,0.0026446052190307913,0.8805671255407855,0.001539218438332479,0.8333595366325053,0.007471953707187188,0.5055212502713975,0.17162688247669403,0.5632,0.7000000000000005
0.9162,0.7837831301839153,0.01753422741188992,0.8504917447321116,0.00431757481034998,0.8485921147431118,0.004570826148908563,0.48942747063522285,0.1821347918204096,0.558,0.7000000000000005
0.9198,0.8463135161167743,0.005400263313519583,0.828117578894645,0.008405666339739637,0.826722136445646,0.00866348868384294,0.6852635994017181,0.055007323205597744,0.5716,0.9000000000000007
0.918,0.8576922423783051,0.0036370256293571037,0.8022587446004152,0.013396038201471916,0.9164676771794379,2.348013226415539e-06,0.7548196681052222,0.026627820717289863,0.5678,0.9000000000000007
0.9174,0.9894011491522761,0.005184165479248304,0.8757082965895534,0.0017381981332646437,0.8401142682849657,0.005973084326728256,1.1106512268739435,0.03734603668828437,0.5714,0.9000000000000007
0.9196,1.0110589172255315,0.008364733540066635,0.8333892813951242,0.0074322880023690654,1.0088015608851615,0.007956918464349176,1.038260803203227,0.014080386216834974,0.573,0.9000000000000007
0.9144,0.7703213906235075,0.02075864567986392,0.8439500178009272,0.004963199991849679,0.8525813104990273,0.003821550371617671,0.7050038076604225,0.043846765366313344,0.5858,0.9000000000000007
0.9202,0.8963246659664215,0.0005700315752149544,0.828262962590158,0.008452418847698696,0.8638642381458028,0.00317371806369282,0.4595145497397661,0.21223108408147448,0.5814,0.9000000000000007
0.9132,0.8481573452321816,0.004230546939245616,0.8188863739151507,0.008895060065272763,1.471464455304707,0.3116592020566611,2.109471137065681,1.4310646333764176,0.5812,0.9000000000000007
0.9122,0.8885481629476912,0.0005594093959489664,0.8721203849066049,0.0016063755460347029,0.840749432999664,0.005105183524669508,0.7051286799549868,0.042878531585184274,0.579,0.9000000000000007
0.9208,0.7300375816516115,0.03639030025412558,0.8335096359591931,0.0076196076543765786,0.8483461451155354,0.005249561087619046,0.6604032342888464,0.0678064755928294,0.5712,0.9000000000000007
0.9124,0.8333157842113449,0.006254313186906564,0.8857683523535729,0.0007092446563634468,0.8977990466361138,0.00021318783913438052,2.4402589168584923,2.3343528698240057,0.5756,0.9000000000000007
0.9182,0.8215878443574841,0.009333908617893719,0.7597302233223804,0.02511267012025464,0.8455364263233481,0.005279994939462216,0.7636205201096782,0.023894815603162412,0.5768,0.9000000000000007
0.9212,0.7487452429047395,0.029740643244785293,0.8670210350396111,0.0029353602441790456,0.8582582079189933,0.0039616691903686775,0.5673137746575251,0.12523546048714496,0.5752,0.9000000000000007
0.9132,0.7258371239624039,0.03510484731707963,0.8426153369128704,0.0049821946631236,0.8271041347456835,0.007412498013889434,1.2976585439505213,0.1478083720165549,0.5676,0.9000000000000007
0.914,0.8040665105193702,0.012085372109387756,0.8304293222725392,0.0069840581758271215,0.9067169244377381,5.3043189645616946e-05,0.7424505781160329,0.02942920414872335,0.5708,0.9000000000000007
0.9168,0.7873581947470473,0.016755180947143327,0.7661498390405672,0.02269547099710299,0.9508079952628162,0.0011565437417957348,1.9971236674689663,1.1670992264935975,0.5712,0.9000000000000007
0.9122,0.8744201702811468,0.0014273155335855425,0.8645523919641972,0.0022702945515335007,0.8818475974668408,0.0009212683395349281,0.4940179516362909,0.17487622557366753,0.5698,0.9000000000000007
0.9102,0.8754396697558812,0.0012082805586802032,0.7925861600432544,0.01383301534937096,0.8197477985999505,0.008181600738115117,0.41190527506629726,0.2482976328967545,0.5688,0.9000000000000007
0.9158,0.9350254866718957,0.00036961933777124,0.8301654204532504,0.007333281214148581,0.8735256457536168,0.001787121026948693,0.7802744556096399,0.018367173182303444,0.5694,0.9000000000000007
0.9152,0.7959788432004526,0.014213684228622259,0.7929948784902692,0.01493409172320808,0.7885635474912681,0.01603679110399631,0.6205754066891079,0.08680365098360855,0.5726,0.9000000000000007
0.925,0.8608025706678356,0.0041213099328582465,0.7296335756975226,0.038168039744735635,0.8269105331780547,0.009621543501413508,0.5716397553810101,0.12486346247719242,0.5684,0.9000000000000007
0.9164,0.8365605266163765,0.006374341510174328,0.8125133729510009,0.01079243127961783,0.8182372028650523,0.009635934741356895,0.5923639147924615,0.10499938451662713,0.5628,0.9000000000000007
0.919,0.8929106513070099,0.0006806541152244282,0.8338345807873644,0.0072531486296639695,1.3475235175600269,0.18363240510201861,2.5469734006162152,2.6502973931139238,0.5772,0.9000000000000007
0.9112,0.8605259109159723,0.002567863304495976,0.8718640175998211,0.0015473195113871827,0.8341904518214618,0.0059304705106626,0.6981097578442366,0.045407451302001904,0.5646,0.9000000000000007
0.9232,0.7727267593139695,0.02264219616255607,0.8542164110809565,0.004758735540151588,0.8234819017271476,0.009943699123154246,0.9630736915218991,0.0015899112755835701,0.5718,0.9000000000000007
0.917,0.7775463983184212,0.019447307021964445,0.8635614096701145,0.0028556829364453336,0.9099447454307856,4.977661703642079e-05,0.8195724852631205,0.00949212062780487,0.5804,0.9000000000000007
0.9202,0.8567363405566487,0.004027636069941673,0.8809992233157158,0.0015367008926511223,0.8670240276108397,0.002827684039532736,0.5611598474264515,0.128909831160037,0.5766,0.9000000000000007
0.925,0.7886227906529906,0.01859874322927805,0.8366307496845722,0.007809124401310747,0.8030397789730775,0.014874295512935789,1.2719788462394273,0.12039431973764407,0.5736,0.9000000000000007
0.9246,0.8325334325893454,0.008476252834780599,0.8352854598790407,0.007977087077018448,0.7170914002620715,0.043059818965195805,0.49103110839915237,0.18798198376398753,0.5646,0.9000000000000007
0.9212,0.8252222180143614,0.009211734634882786,0.8268539174631238,0.008901183290055069,0.8143548331340265,0.011415889682617735,0.38653801905735097,0.2858634338655176,0.573,0.9000000000000007
0.9168,0.7587890218559545,0.024967469214037998,0.8163829694241286,0.010083580029675486,0.8397609274687057,0.00593501869648202,0.6556519184998957,0.0681983204711851,0.5688,0.9000000000000007
